Name,Team,accuratePasses,accuratePassesPercentage,keyPasses,rating
Fernandinho,Manchester City,2679,90.05,24,7.31
Roberto Firmino,Liverpool,850,72.53,58,7.31
Cesc Fàbregas,Chelsea,1826,83.42,91,7.35
Pierre-Emerick Aubameyang,Arsenal,220,69.4,14,7.35
Aaron Wan-Bissaka,Crystal Palace,148,72.91,3,7.37
Raheem Sterling,Manchester City,983,84.02,56,7.38
Paul Pogba,Manchester United,1468,85.3,39,7.4
Sergio Romero,Manchester United,12,60.0,0,7.4
Christian Eriksen,Tottenham Hotspur,1860,82.37,96,7.43
Leroy Sané,Manchester City,919,84.23,60,7.44
Harry Kane,Tottenham Hotspur,468,71.23,33,7.53
David Silva,Manchester City,2160,88.93,63,7.56
Mesut Özil,Arsenal,1564,86.46,85,7.57
Alexis Sánchez,Manchester United,1075,73.88,82,7.58
Mohamed Salah,Liverpool,726,76.74,63,7.62
Sergio Agüero,Manchester City,520,82.8,40,7.63
Jérémy Pied,Southampton,74,77.08,2,7.7
Eden Hazard,Chelsea,1144,83.44,84,7.79
Kevin De Bruyne,Manchester City,2247,83.44,111,7.79
Philippe Coutinho,Liverpool,544,78.84,40,8.01
Marko Arnautović,West Ham United,489,71.49,35,7.19
Oleksandr Zinchenko,Manchester City,621,92.41,8,7.19
Virgil van Dijk,Liverpool,1564,88.31,8,7.19
Paulo Gazzaniga,Tottenham Hotspur,17,77.27,0,7.2
Nicolás Otamendi,Manchester City,2825,91.9,12,7.2
Laurent Koscielny,Arsenal,1553,89.0,7,7.21
Phil Jones,Manchester United,988,91.23,2,7.21
Granit Xhaka,Arsenal,2708,86.91,41,7.21
Jan Vertonghen,Tottenham Hotspur,2148,86.33,12,7.22
Emre Can,Liverpool,1320,85.55,25,7.22
Serge Aurier,Tottenham Hotspur,616,79.38,15,7.23
Xherdan Shaqiri,Stoke City,839,79.53,77,7.24
Ben Davies,Tottenham Hotspur,1045,80.14,47,7.25
Kieran Trippier,Tottenham Hotspur,1031,81.44,41,7.25
Willian,Chelsea,741,80.19,62,7.26
Sadio Mané,Liverpool,773,80.35,50,7.27
Aaron Ramsey,Arsenal,1052,84.91,29,7.28
Jesús Gámez,Newcastle United,37,82.22,4,7.3
Yohan Benalouane,Leicester City,17,62.96,0,7.3
César Azpilicueta,Chelsea,2395,86.81,32,7.31
Fabian Delph,Manchester City,1501,93.0,11,7.1
Nemanja Matić,Manchester United,2281,87.7,25,7.11
Marcos Alonso,Chelsea,1070,79.44,34,7.11
Christopher Schindler,Huddersfield Town,1130,81.35,9,7.11
Henrikh Mkhitaryan,Arsenal,787,80.31,44,7.12
Andrew Robertson,Liverpool,1237,87.05,24,7.13
James Tarkowski,Burnley,798,72.94,7,7.13
N'Golo Kanté,Chelsea,1921,89.31,41,7.14
Chris Brunt,West Bromwich Albion,650,73.7,37,7.15
Junior Stanislas,Bournemouth,378,77.3,24,7.15
Wilfried Zaha,Crystal Palace,469,75.4,54,7.16
Andros Townsend,Crystal Palace,804,78.59,68,7.16
Ben Mee,Burnley,818,76.38,6,7.16
Manuel Lanzini,West Ham United,1064,87.64,41,7.17
James Tomkins,Crystal Palace,722,81.58,1,7.17
Robbie Brady,Burnley,309,68.06,26,7.17
Vincent Kompany,Manchester City,1323,92.58,4,7.18
Pascal Groß,Brighton & Hove Albion,927,76.23,87,7.18
Romelu Lukaku,Manchester United,493,68.38,34,7.18
Chris Smalling,Manchester United,996,87.6,2,7.18
Andreas Christensen,Chelsea,1260,93.4,4,7.06
Eric Bailly,Manchester United,367,86.15,2,7.06
Alex Oxlade-Chamberlain,Liverpool,688,82.3,41,7.06
Dejan Lovren,Liverpool,1595,88.46,6,7.07
Ashley Young,Manchester United,1022,79.53,26,7.07
Nacho Monreal,Arsenal,1539,89.53,13,7.07
Kevin Long,Burnley,388,71.45,6,7.07
Kurt Zouma,Stoke City,798,78.08,6,7.07
Riyad Mahrez,Leicester City,1013,79.45,59,7.08
Antonio Valencia,Manchester United,1367,85.33,23,7.08
Daley Blind,Manchester United,191,85.27,4,7.08
Shkodran Mustafi,Arsenal,1494,86.16,8,7.08
Aymeric Laporte,Manchester City,750,92.48,2,7.09
Juan Mata,Manchester United,1054,86.75,51,7.09
Sullay Kaikai,Crystal Palace,4,66.67,0,7.1
Danilo,Manchester City,999,89.92,6,7.1
Lewis Dunk,Brighton & Hove Albion,1171,78.28,11,7.1
Shane Duffy,Brighton & Hove Albion,1041,76.6,8,7.1
Alexandre Lacazette,Arsenal,554,76.73,37,7.1
Alex Iwobi,Arsenal,985,86.63,38,7.1
Eric Dier,Tottenham Hotspur,1939,86.25,15,7.01
James Milner,Liverpool,1279,86.48,34,7.02
Ryan Fraser,Bournemouth,626,76.72,44,7.02
Álvaro Morata,Chelsea,422,73.26,35,7.02
Abdoulaye Doucouré,Watford,1877,83.65,40,7.02
Aaron Mooy,Huddersfield Town,1513,79.55,51,7.02
Jonjo Shelvey,Newcastle United,1001,72.43,42,7.03
Luke Shaw,Manchester United,405,84.91,9,7.03
Alberto Moreno,Liverpool,659,84.38,15,7.03
João Mário,West Ham United,362,81.9,16,7.03
Harry Maguire,Leicester City,1363,78.29,18,7.03
Terence Kongolo,Huddersfield Town,221,71.52,3,7.04
Gabriel Jesus,Manchester City,471,79.7,21,7.04
Kyle Walker,Manchester City,2073,87.76,30,7.04
Jordan Henderson,Liverpool,1761,84.42,25,7.04
Jóhann Guðmundsson,Burnley,594,73.88,67,7.05
Jamie Vardy,Leicester City,280,60.48,32,7.05
José Fonte,West Ham United,280,80.69,4,7.05
Trent Alexander-Arnold,Liverpool,778,77.34,25,7.05
Joël Matip,Liverpool,1468,88.7,5,7.05
David De Gea,Manchester United,542,57.54,1,6.98
Ahmed Hegazy,West Bromwich Albion,866,73.02,7,6.98
Florian Lejeune,Newcastle United,823,76.77,8,6.98
Ragnar Klavan,Liverpool,1086,90.73,4,6.99
Antonio Rüdiger,Chelsea,1529,89.47,3,6.99
Jack Butland,Stoke City,540,46.19,1,6.99
Cenk Tosun,Everton,185,70.34,15,6.99
Joe Gomez,Liverpool,1129,84.38,17,7.0
John Stones,Manchester City,1194,95.83,0,7.0
David Ospina,Arsenal,81,69.23,0,7.0
Callum Hudson-Odoi,Chelsea,12,75.0,0,7.0
Kyle Walker-Peters,Tottenham Hotspur,80,82.47,3,7.0
Dušan Tadić,Southampton,831,74.8,60,7.0
Idrissa Gueye,Everton,1327,84.74,16,7.0
Jesse Lingard,Manchester United,818,87.77,26,7.0
Davinson Sánchez,Tottenham Hotspur,1670,89.45,4,7.0
Pedro,Chelsea,544,83.18,26,7.0
Luka Milivojević,Crystal Palace,1321,80.16,21,7.01
Steve Cook,Bournemouth,1001,75.72,5,7.01
Jamaal Lascelles,Newcastle United,913,77.05,6,7.01
Mamadou Sakho,Crystal Palace,633,85.54,2,6.95
Alfie Mawson,Swansea City,1414,81.12,5,6.95
Bernardo Silva,Manchester City,813,86.95,31,6.95
Alexander Sørloth,Crystal Palace,65,60.75,6,6.95
Younès Kaboul,Watford,52,68.42,0,6.95
Matt Targett,Southampton,58,72.5,2,6.95
James Collins,West Ham United,283,72.75,2,6.95
Leighton Baines,Everton,604,80.11,24,6.95
Anthony Martial,Manchester United,599,81.94,33,6.95
Adrián,West Ham United,221,42.5,0,6.95
Heung-min Son,Tottenham Hotspur,780,85.15,41,6.96
Sung-Yueng Ki,Swansea City,735,88.02,19,6.96
Nick Pope,Burnley,429,39.04,4,6.96
Steven Davis,Southampton,873,83.62,18,6.96
Wesley Hoedt,Southampton,1044,78.91,9,6.96
Dele Alli,Tottenham Hotspur,966,77.22,65,6.97
Ryan Shawcross,Stoke City,447,67.32,2,6.97
Patrick van Aanholt,Crystal Palace,679,77.16,18,6.97
Mario Lemina,Southampton,854,87.86,8,6.98
Matthew Lowton,Burnley,567,68.89,14,6.98
Kyle Bartley,Swansea City,93,80.87,2,6.92
Gylfi Sigurðsson,Everton,524,74.86,38,6.92
Matt Ritchie,Newcastle United,759,72.49,52,6.92
Badou Ndiaye,Stoke City,279,82.3,7,6.92
Andrew Surman,Bournemouth,993,84.37,16,6.92
Chris Wood,Burnley,250,60.1,11,6.93
Marouane Fellaini,Manchester United,335,85.24,5,6.93
Steve Mounié,Huddersfield Town,326,62.33,17,6.93
Daniel Sturridge,West Bromwich Albion,125,79.11,16,6.93
Will Hughes,Watford,321,79.65,17,6.93
Eric Maxim Choupo-Moting,Stoke City,468,73.01,20,6.93
Toby Alderweireld,Tottenham Hotspur,785,85.79,3,6.94
Victor Moses,Chelsea,638,76.5,21,6.94
Nathan Aké,Bournemouth,1332,83.88,9,6.94
Theo Walcott,Everton,247,75.77,15,6.94
İlkay Gündoğan,Manchester City,1286,91.73,22,6.94
David Luiz,Chelsea,420,85.37,1,6.94
James Ward-Prowse,Southampton,589,78.85,37,6.94
Yaya Touré,Manchester City,390,93.75,7,6.94
Maya Yoshida,Southampton,894,84.18,5,6.95
Charly Musonda Jr,Chelsea,15,83.33,1,6.9
Mike van der Hoorn,Swansea City,655,76.25,5,6.9
Christian Kabasele,Watford,675,74.75,3,6.9
Pedro Obiang,West Ham United,609,80.45,6,6.9
Kenedy,Newcastle United,272,77.27,14,6.9
Anthony Knockaert,Brighton & Hove Albion,820,83.33,32,6.9
Simon Francis,Bournemouth,1183,73.62,27,6.9
Łukasz Fabiański,Swansea City,594,53.37,1,6.91
Craig Dawson,West Bromwich Albion,629,69.58,10,6.91
Steven Defour,Burnley,851,83.76,19,6.91
Hugo Lloris,Tottenham Hotspur,749,75.2,1,6.91
Ederson,Manchester City,792,85.34,1,6.91
Craig Cathcart,Watford,143,77.3,0,6.91
Benjamin Mendy,Manchester City,161,85.64,9,6.91
Gerard Deulofeu,Watford,106,74.65,11,6.91
Oriol Romeu,Southampton,1524,82.6,23,6.91
Federico Fernández,Swansea City,996,82.31,6,6.92
Ruben Loftus-Cheek,Crystal Palace,596,82.55,26,6.92
Javier Hernández,West Ham United,274,73.46,21,6.92
Cuco Martina,Everton,608,77.95,13,6.92
Joshua King,Bournemouth,503,73.0,38,6.87
José Holebas,Watford,655,68.37,39,6.88
Peter Crouch,Stoke City,373,58.83,21,6.88
Alex Pritchard,Huddersfield Town,248,71.68,21,6.88
Phil Jagielka,Everton,733,75.88,1,6.88
Nathaniel Chalobah,Watford,132,72.53,1,6.88
Wayne Rooney,Everton,903,77.78,35,6.88
Jack Wilshere,Arsenal,698,86.39,15,6.89
Marcus Rashford,Manchester United,451,78.3,22,6.89
Mark Noble,West Ham United,1110,83.84,20,6.89
Kiko Femenía,Watford,661,83.25,18,6.89
Vicente Iborra,Leicester City,698,81.45,9,6.89
Michael Keane,Everton,899,77.77,4,6.89
Yohan Cabaye,Crystal Palace,1068,82.47,42,6.89
Stephen Ward,Burnley,637,69.01,16,6.89
Victor Lindelöf,Manchester United,682,90.81,2,6.89
Tom Carroll,Swansea City,1194,82.63,46,6.89
Bojan Krkic,Stoke City,22,88.0,1,6.9
Dodi Lukebakio,Watford,6,100.0,2,6.9
Séamus Coleman,Everton,261,73.31,7,6.9
Marc Albrighton,Leicester City,676,67.33,49,6.84
Petr Čech,Arsenal,530,65.35,0,6.85
Sead Kolašinac,Arsenal,1016,80.13,19,6.85
Martin Dúbravka,Newcastle United,171,54.11,0,6.85
Thibaut Courtois,Chelsea,693,70.5,0,6.85
Bruno Saltor,Brighton & Hove Albion,798,82.01,9,6.85
Paul Dummett,Newcastle United,416,69.45,7,6.85
Nathan Redmond,Southampton,613,76.82,42,6.85
Mohamed Elneny,Arsenal,784,93.67,10,6.85
Oumar Niasse,Everton,156,62.4,11,6.85
Salomón Rondón,West Bromwich Albion,556,66.83,23,6.86
Aaron Cresswell,West Ham United,1002,77.14,35,6.86
Gary Cahill,Chelsea,1184,89.02,3,6.86
Phil Bardsley,Burnley,282,67.46,5,6.86
Loris Karius,Liverpool,350,67.18,0,6.86
Mason Holgate,Everton,320,67.37,7,6.86
Wilfred Ndidi,Leicester City,1280,76.05,13,6.87
Mikel Merino,Newcastle United,644,79.31,17,6.87
Joel Ward,Crystal Palace,488,71.87,8,6.87
Olivier Giroud,Chelsea,247,66.04,20,6.87
Charlie Daniels,Bournemouth,1233,78.74,29,6.83
Christian Benteke,Crystal Palace,379,56.4,28,6.83
Tom Cleverley,Watford,936,82.32,29,6.83
Jonathan Hogg,Huddersfield Town,1204,85.21,9,6.83
Aleksandar Dragović,Leicester City,288,85.21,0,6.83
Georginio Wijnaldum,Liverpool,1138,89.96,22,6.83
Mousa Dembélé,Tottenham Hotspur,1311,92.19,18,6.83
Ryan Bertrand,Southampton,1168,78.87,36,6.83
Christian Fuchs,Leicester City,664,74.11,19,6.83
Jonny Evans,West Bromwich Albion,769,80.02,8,6.83
Kelechi Iheanacho,Leicester City,197,80.08,11,6.83
Ayoze Pérez,Newcastle United,512,71.31,37,6.83
Robert Elliot,Newcastle United,263,53.56,0,6.83
Claudio Bravo,Manchester City,50,90.91,0,6.83
Erik Pieters,Stoke City,717,71.63,14,6.84
Calum Chambers,Arsenal,500,83.33,2,6.84
Ashley Williams,Everton,591,80.74,3,6.84
Angelo Ogbonna,West Ham United,808,79.76,7,6.84
Dale Stephens,Brighton & Hove Albion,1472,83.78,17,6.84
Ashley Barnes,Burnley,310,61.14,18,6.84
Muhamed Bešić,Everton,27,96.43,1,6.8
Michael Carrick,Manchester United,84,84.85,2,6.8
Reece Oxford,West Ham United,0,0.0,0,6.8
Danny Rose,Tottenham Hotspur,308,81.48,10,6.8
Lasse Sørensen,Stoke City,40,74.07,2,6.8
Lewis Cook,Bournemouth,975,79.46,31,6.8
Henri Saivet,Newcastle United,15,62.5,0,6.8
André Carrillo,Watford,543,76.59,20,6.8
Richarlison,Watford,514,63.93,26,6.8
Glenn Murray,Brighton & Hove Albion,366,55.12,17,6.8
Sam Vokes,Burnley,131,49.43,8,6.81
Jordon Ibe,Bournemouth,559,80.43,36,6.81
Leroy Fer,Swansea City,512,81.01,10,6.81
Daryl Janmaat,Watford,583,75.91,12,6.82
Victor Wanyama,Tottenham Hotspur,538,87.2,5,6.82
Andy Carroll,West Ham United,152,61.29,7,6.82
Tiemoué Bakayoko,Chelsea,954,86.18,16,6.82
Jack Stephens,Southampton,701,75.54,4,6.82
Connor Roberts,Swansea City,108,80.0,0,6.83
Ciaran Clark,Newcastle United,501,71.67,4,6.83
Joe Allen,Stoke City,1101,81.13,31,6.79
Troy Deeney,Watford,307,56.64,26,6.79
Harry Winks,Tottenham Hotspur,578,90.03,10,6.79
Jordan Pickford,Everton,517,44.49,3,6.79
Erik Lamela,Tottenham Hotspur,369,82.74,16,6.79
Charlie Austin,Southampton,167,68.44,4,6.79
Scott Dann,Crystal Palace,452,79.86,5,6.79
Wayne Hennessey,Crystal Palace,317,46.08,1,6.79
Dominic Calvert-Lewin,Everton,300,60.85,20,6.79
Étienne Capoue,Watford,721,82.4,8,6.79
Héctor Bellerín,Arsenal,1563,84.85,34,6.79
Danny Welbeck,Arsenal,313,79.85,13,6.79
Cédric Soares,Southampton,934,73.25,24,6.79
Michail Antonio,West Ham United,261,67.79,14,6.8
Joselu,Newcastle United,373,62.9,16,6.8
Mathew Ryan,Brighton & Hove Albion,505,47.96,0,6.8
Chancel Mbemba,Newcastle United,153,71.83,4,6.8
Konstantinos Stafylidis,Stoke City,73,77.66,2,6.8
Reiss Nelson,Arsenal,73,92.41,1,6.8
Eldin Jakupović,Leicester City,23,53.49,0,6.8
Fraser Forster,Southampton,191,43.02,0,6.77
Rob Holding,Arsenal,510,84.58,2,6.77
Tom Edwards,Stoke City,116,71.6,1,6.77
Shane Long,Southampton,264,66.84,22,6.77
Kyle Naughton,Swansea City,1225,74.83,12,6.77
Arthur Masuaku,West Ham United,550,80.53,18,6.77
Dominic Solanke,Liverpool,148,75.13,15,6.77
Mohamed Diamé,Newcastle United,665,81.5,13,6.77
Jonjoe Kenny,Everton,402,68.48,10,6.77
Grzegorz Krychowiak,West Bromwich Albion,636,78.33,13,6.77
Sam Byram,West Ham United,50,59.52,2,6.78
Zanka,Huddersfield Town,1198,76.7,10,6.78
Harry Arter,Bournemouth,512,87.37,3,6.78
José Izquierdo,Brighton & Hove Albion,410,78.39,21,6.78
Kieran Gibbs,West Bromwich Albion,759,74.93,23,6.78
Callum Wilson,Bournemouth,277,70.66,20,6.78
Allan Nyom,West Bromwich Albion,574,76.23,15,6.78
Dwight Gayle,Newcastle United,313,72.29,21,6.78
Per Mertesacker,Arsenal,226,91.5,0,6.78
Guido Carrillo,Southampton,81,65.85,4,6.79
André Ayew,Swansea City,457,78.66,16,6.73
Charlie Taylor,Burnley,218,66.87,4,6.74
Pablo Zabaleta,West Ham United,844,73.2,17,6.74
Jesé Rodríguez,Stoke City,113,77.4,9,6.74
Timothy Fosu-Mensah,Crystal Palace,456,74.51,6,6.74
Sam Clucas,Swansea City,657,83.69,15,6.74
Asmir Begović,Bournemouth,485,51.27,1,6.74
Gareth Barry,West Bromwich Albion,709,76.48,17,6.74
Jordan Ayew,Swansea City,691,82.66,16,6.75
Ander Herrera,Manchester United,914,87.63,13,6.75
Kasper Schmeichel,Leicester City,512,49.61,1,6.75
Karl Darlow,Newcastle United,137,46.13,0,6.75
DeAndre Yedlin,Newcastle United,750,75.0,19,6.75
Adam Smith,Bournemouth,751,82.35,22,6.75
Winston Reid,West Ham United,539,81.79,4,6.75
Mame Biram Diouf,Stoke City,319,57.17,21,6.76
Jack Cork,Burnley,1275,80.49,19,6.76
Emerson Palmieri,Chelsea,105,80.77,1,6.76
Wilfried Bony,Swansea City,131,62.98,4,6.76
Ben Chilwell,Leicester City,666,74.0,22,6.76
Laurent Depoitre,Huddersfield Town,275,57.05,14,6.72
Declan Rice,West Ham United,451,78.71,2,6.72
Matteo Darmian,Manchester United,163,83.59,1,6.72
Michy Batshuayi,Chelsea,67,69.79,1,6.72
Sebastian Prödl,Watford,444,78.17,2,6.72
Jay Rodriguez,West Bromwich Albion,510,72.34,21,6.72
Ashley Westwood,Burnley,490,81.8,9,6.72
Davy Pröpper,Brighton & Hove Albion,1085,78.23,19,6.72
Marvin Zeegelaar,Watford,337,79.86,7,6.73
Phil Foden,Manchester City,40,90.91,2,6.73
Danny Drinkwater,Chelsea,331,85.97,5,6.73
James Morrison,West Bromwich Albion,77,87.5,3,6.73
Roberto Pereyra,Watford,574,84.91,24,6.73
Moussa Sissoko,Tottenham Hotspur,726,83.54,27,6.73
Julián Speroni,Crystal Palace,130,44.22,0,6.73
Wes Morgan,Leicester City,739,81.03,5,6.73
Davide Zappacosta,Chelsea,378,84.94,13,6.73
Bakary Sako,Crystal Palace,87,66.41,6,6.73
Heurelho Gomes,Watford,352,55.87,0,6.73
Andy King,Swansea City,459,81.96,6,6.73
Willy Caballero,Chelsea,61,69.32,0,6.7
Nordin Amrabat,Watford,40,60.61,3,6.7
Rekeem Harper,West Bromwich Albion,4,80.0,2,6.7
Michel Vorm,Tottenham Hotspur,21,87.5,0,6.7
Ethan Ampadu,Chelsea,19,100.0,0,6.7
Florent Hadergjonaj,Huddersfield Town,411,66.72,25,6.7
Aleksandar Mitrović,Newcastle United,39,72.22,3,6.7
Darren Fletcher,Stoke City,823,78.53,24,6.7
Tomer Hemed,Brighton & Hove Albion,146,62.39,3,6.7
Jermain Defoe,Bournemouth,97,74.05,13,6.7
Shinji Okazaki,Leicester City,283,73.32,15,6.7
Demarai Gray,Leicester City,442,79.35,29,6.7
Jeffrey Schlupp,Crystal Palace,485,74.16,12,6.7
Gaëtan Bong,Brighton & Hove Albion,545,70.6,9,6.71
Manolo Gabbiadini,Southampton,158,70.85,7,6.71
Sofiane Boufal,Southampton,418,78.57,21,6.71
Claudio Yacob,West Bromwich Albion,312,83.42,1,6.71
Tammy Abraham,Swansea City,203,67.67,12,6.71
Danny Ings,Liverpool,47,61.84,3,6.71
James McArthur,Crystal Palace,846,79.14,21,6.72
Zlatan Ibrahimović,Manchester United,58,76.32,2,6.68
James McCarthy,Everton,72,74.23,1,6.68
Tyrese Campbell,Stoke City,9,52.94,0,6.68
Ben Foster,West Bromwich Albion,497,46.06,2,6.68
Matt Phillips,West Bromwich Albion,361,72.64,35,6.68
Matty James,Leicester City,363,81.39,2,6.68
Chris Löwe,Huddersfield Town,449,72.54,6,6.68
Edimilson Fernandes,West Ham United,210,78.36,7,6.68
Simon Mignolet,Liverpool,346,69.48,0,6.68
Jeff Hendrick,Burnley,650,81.05,26,6.68
Morgan Schneiderlin,Everton,949,83.83,7,6.68
Moritz Bauer,Stoke City,188,65.96,14,6.68
Jonas Lössl,Huddersfield Town,724,56.39,3,6.68
Adrian Mariappa,Watford,740,77.0,4,6.68
Jürgen Locadia,Brighton & Hove Albion,36,70.59,1,6.68
Thomas Ince,Huddersfield Town,545,79.56,18,6.69
Marcos Rojo,Manchester United,292,81.56,2,6.69
Solly March,Brighton & Hove Albion,495,77.71,20,6.7
Philip Billing,Huddersfield Town,278,75.14,2,6.7
Ainsley Maitland-Niles,Arsenal,457,85.26,8,6.7
Cheikhou Kouyaté,West Ham United,725,75.92,16,6.64
Scott Malone,Huddersfield Town,356,72.21,10,6.64
Geoff Cameron,Stoke City,366,72.33,6,6.65
Tommy Smith,Huddersfield Town,560,70.71,15,6.65
Fousseni Diabaté,Leicester City,179,78.85,7,6.65
Danny Williams,Huddersfield Town,319,77.05,4,6.65
Pierre-Emile Højbjerg,Southampton,942,85.02,13,6.65
Eliaquim Mangala,Everton,373,90.31,1,6.65
Tom Heaton,Burnley,48,51.06,0,6.65
Marko Grujić,Liverpool,11,78.57,1,6.65
Ramadan Sobhi,Stoke City,324,76.96,15,6.65
Lys Mousset,Bournemouth,102,63.35,4,6.65
Nacer Chadli,West Bromwich Albion,53,76.81,2,6.66
Jan Bednarek,Southampton,137,75.27,0,6.66
Tyrone Mings,Bournemouth,88,77.88,1,6.67
Scott Arfield,Burnley,244,69.12,8,6.67
Jake Livermore,West Bromwich Albion,865,78.42,20,6.67
Markus Suttner,Brighton & Hove Albion,332,75.8,6,6.67
Jaïro Riedewald,Crystal Palace,123,79.35,0,6.67
Stefano Okaka,Watford,102,66.23,5,6.67
Molla Wagué,Watford,108,74.48,0,6.6
Dan Gosling,Bournemouth,820,77.21,17,6.6
Benik Afobe,Bournemouth,112,73.68,2,6.61
Diafra Sakho,West Ham United,39,60.94,1,6.61
Renato Sanches,Swansea City,317,83.64,7,6.61
Isaac Hayden,Newcastle United,397,75.33,11,6.61
Alex McCarthy,Southampton,157,38.67,0,6.62
Islam Slimani,Newcastle United,107,67.72,7,6.62
Christian Atsu,Newcastle United,346,77.23,25,6.63
Oliver McBurnie,Swansea City,68,68.69,1,6.63
Nikola Vlašić,Everton,150,74.63,12,6.63
Sam Field,West Bromwich Albion,126,75.9,4,6.63
Bruno Martins Indi,Stoke City,281,80.06,3,6.63
Hal Robson-Kanu,West Bromwich Albion,123,66.85,8,6.63
Andre Gray,Watford,215,71.91,18,6.63
Scott McTominay,Manchester United,302,88.05,2,6.63
Luciano Narsingh,Swansea City,157,80.93,12,6.63
Fernando Llorente,Tottenham Hotspur,60,68.18,4,6.63
Leonardo Ulloa,Brighton & Hove Albion,95,72.52,8,6.63
Kevin Wimmer,Stoke City,387,76.79,3,6.64
Sam McQueen,Southampton,46,73.02,3,6.56
Joe Hart,West Ham United,241,44.3,2,6.56
Miguel Britos,Watford,313,80.67,3,6.56
Adam Lallana,Liverpool,189,85.91,7,6.57
Martin Cranie,Huddersfield Town,71,78.89,0,6.57
Connor Goldson,Brighton & Hove Albion,61,73.49,0,6.57
Martin Kelly,Crystal Palace,254,74.05,2,6.57
Elias Kachunga,Huddersfield Town,225,66.37,10,6.57
Rolando Aarons,Newcastle United,28,68.29,0,6.58
Javier Manquillo,Newcastle United,405,75.0,11,6.58
Josh Sims,Southampton,48,77.42,2,6.58
Collin Quaner,Huddersfield Town,309,73.57,17,6.58
Charlie Adam,Stoke City,156,63.41,7,6.59
Kevin Mirallas,Everton,44,81.48,1,6.6
Ramiro Funes Mori,Everton,41,77.36,0,6.6
Liam Rosenior,Brighton & Hove Albion,47,72.31,0,6.6
Nathaniel Clyne,Liverpool,83,79.81,1,6.6
Edward Nketiah,Arsenal,6,85.71,0,6.6
Freddie Ladapo,Crystal Palace,5,71.43,0,6.6
Hamza Choudhury,Leicester City,137,84.05,1,6.6
Pape Souaré,Crystal Palace,8,88.89,0,6.5
Ben Woodburn,Liverpool,7,87.5,0,6.5
Abdelhamid Sabiri,Huddersfield Town,66,67.35,3,6.5
Nathan Dyer,Swansea City,414,81.02,10,6.51
James McClean,West Bromwich Albion,261,72.5,18,6.51
Tom Davies,Everton,539,78.0,11,6.52
Saido Berahino,Stoke City,74,77.89,3,6.52
Rajiv Van La Parra,Huddersfield Town,503,79.34,14,6.53
Beram Kayal,Brighton & Hove Albion,180,78.95,12,6.53
Francis Coquelin,Arsenal,79,82.29,1,6.53
Lucas Moura,Tottenham Hotspur,88,77.88,7,6.53
Roque Mesa,Swansea City,420,86.42,5,6.54
Yannick Bolasie,Everton,132,62.86,4,6.54
Wayne Routledge,Swansea City,110,68.75,6,6.54
Danny Simpson,Leicester City,673,74.45,4,6.55
Marc Pugh,Bournemouth,376,80.17,10,6.55
Ademola Lookman,Everton,38,84.44,2,6.55
Orestis Karnezis,Watford,167,44.77,0,6.55
Adrien Silva,Leicester City,353,81.34,7,6.55
Sandro Ramírez,Everton,66,80.49,1,6.56
Isaiah Brown,Brighton & Hove Albion,90,69.77,6,6.49
Martin Olsson,Swansea City,841,73.51,13,6.49
Ezequiel Schelotto,Brighton & Hove Albion,344,75.6,5,6.49
Aaron Lennon,Burnley,328,70.09,11,6.5
Gareth McAuley,West Bromwich Albion,81,64.8,0,6.5
Chung-yong Lee,Crystal Palace,55,82.09,2,6.5
Davy Klaassen,Everton,79,79.8,2,6.5
Leon Britton,Swansea City,127,92.7,0,6.5
Patrice Evra,West Ham United,68,70.1,0,6.5
Brahim Díaz,Manchester City,25,89.29,0,6.5
Jerome Sinclair,Watford,7,87.5,1,6.5
Jamie Murphy,Brighton & Hove Albion,37,86.05,1,6.5
Ben Hamer,Leicester City,40,57.14,0,6.5
Harvey Barnes,Leicester City,6,100.0,0,6.5
Josh Cullen,West Ham United,3,75.0,0,6.5
Joe Willock,Arsenal,31,77.5,0,6.5
Ross Barkley,Chelsea,38,76.0,2,6.5
Boaz Myhill,West Bromwich Albion,10,52.63,0,6.5
Levi Lumeka,Crystal Palace,5,71.43,0,6.5
Emerson Hyndman,Bournemouth,21,87.5,1,6.5
Ibrahim Afellay,Stoke City,71,87.65,0,6.38
Ben Watson,Watford,194,82.2,3,6.39
Daniel Amartey,Leicester City,199,79.6,0,6.4
Jonathan Walters,Burnley,4,44.44,0,6.4
Sam Baldock,Brighton & Hove Albion,4,57.14,0,6.4
Jay Fulton,Swansea City,5,62.5,0,6.4
Lukas Nmecha,Manchester City,5,100.0,0,6.4
Uwe Hünemeier,Brighton & Hove Albion,1,25.0,0,6.4
Julien Ngoy,Stoke City,4,80.0,0,6.4
Divock Origi,Liverpool,1,50.0,0,6.4
Jérémie Boga,Chelsea,4,100.0,0,6.4
Kasey Palmer,Huddersfield Town,41,77.36,1,6.43
Jason Puncheon,Crystal Palace,200,84.03,5,6.43
Àngel Rangel,Swansea City,83,87.37,1,6.47
Jacob Murphy,Newcastle United,184,65.48,11,6.47
Beni Baningime,Everton,67,81.71,0,6.47
Glen Johnson,Stoke City,125,66.49,4,6.48
Stephen Ireland,Stoke City,55,83.33,1,6.48
Oliver Burke,West Bromwich Albion,111,79.29,4,6.48
Nahki Wells,Burnley,16,100.0,0,6.49
Massadio Haïdara,Newcastle United,2,100.0,0,0.0
Vincent Janssen,Tottenham Hotspur,0,0.0,0,0.0
Axel Tuanzebe,Manchester United,0,0.0,0,0.0
Dwight McNeil,Burnley,1,100.0,0,0.0
Konstantinos Mavropanos,Arsenal,91,88.35,0,5.8
Damien Delaney,Crystal Palace,30,78.95,0,5.8
Michael Hefele,Huddersfield Town,8,88.89,0,5.8
Josh Tymon,Stoke City,71,87.65,0,6.2
Jack Simpson,Bournemouth,4,80.0,0,6.2
Michael Obafemi,Southampton,1,100.0,0,6.2
Dean Whitehead,Huddersfield Town,42,84.0,0,6.33
Georges-Kévin N'Koudou,Burnley,66,79.52,1,6.35
Jordan Hugill,West Ham United,3,33.33,0,6.35
Joe Lolley,Huddersfield Town,51,78.46,1,6.36
Lee Grant,Stoke City,44,56.41,0,6.37
